<profile>

<section name = "Vivado HLS Report for 'logd'" level="0">
<item name = "Date">Thu May 30 06:13:41 2019
</item>
<item name = "Version">2018.3 (Build 2405991 on Thu Dec 06 23:56:15 MST 2018)</item>
<item name = "Project">hotbm_log</item>
<item name = "Solution">solution1</item>
<item name = "Product family">virtex7</item>
<item name = "Target device">xc7vx690tffg1761-2</item>
</section>

<section name = "Performance Estimates" level="0">
<item name = "Timing (ns)">
<section name = "" level="1">
<item name = "Summary"><table name="" hasTotal="0">
<keys size="4">Clock, Target, Estimated, Uncertainty</keys>
<column name="ap_clk">10.00, 8.573, 1.25</column>
</table>
</item>
</section>
</item>
<item name = "Latency (clock cycles)">
<section name = "" level="1">
<item name = "Summary"><table name="" hasTotal="0">
<keys size="6">, min, max, min, max, Type</keys>
<column name="">1, 25, 1, 25, none</column>
</table>
</item>
<item name = "Detail">
<section name = "" level="1">
<item name = "Instance"><table name="" hasTotal="0">
<keys size="7">Instance, Module, min, max, min, max, Type</keys>
<column name="grp_range_red_fu_446">range_red, 18, 18, 18, 18, none</column>
</table>
</item>
<item name = "Loop"><table name="" hasTotal="0">
<keys size="8">Loop Name, min, max, Latency, achieved, target, Count, Pipelined</keys>
</table>
</item>
</section>
</item>
</section>
</item>
</section>

<section name = "Utilization Estimates" level="0">
<item name = "Summary"><table name="" hasTotal="1">
<keys size="5">Name, BRAM_18K, DSP48E, FF, LUT</keys>
<column name="DSP">-, 1, -, -</column>
<column name="Expression">-, 6, 0, 4556</column>
<column name="FIFO">-, -, -, -</column>
<column name="Instance">4, 4, 2508, 4983</column>
<column name="Memory">-, -, -, -</column>
<column name="Multiplexer">-, -, -, 86</column>
<column name="Register">-, -, 1279, -</column>
<specialColumn name="Available">2940, 3600, 866400, 433200</specialColumn>
<specialColumn name="Utilization (%)">~0, ~0, ~0, 2</specialColumn>
</table>
</item>
<item name = "Detail">
<section name = "" level="1">
<item name = "Instance"><table name="" hasTotal="1">
<keys size="6">Instance, Module, BRAM_18K, DSP48E, FF, LUT</keys>
<column name="grp_range_red_fu_446">range_red, 4, 4, 2508, 4983</column>
</table>
</item>
<item name = "DSP48"><table name="" hasTotal="0">
<keys size="3">Instance, Module, Expression</keys>
<column name="logd_mul_mul_9ns_ocq_U21">logd_mul_mul_9ns_ocq, i0 * i1</column>
</table>
</item>
<item name = "Memory"><table name="" hasTotal="1">
<keys size="9">Memory, Module, BRAM_18K, FF, LUT, Words, Bits, Banks, W*Bits*Banks</keys>
</table>
</item>
<item name = "FIFO"><table name="" hasTotal="1">
<keys size="7">Name, BRAM_18K, FF, LUT, Depth, Bits, Size:D*B</keys>
</table>
</item>
<item name = "Expression"><table name="" hasTotal="1">
<keys size="7">Variable Name, Operation, DSP48E, FF, LUT, Bitwidth P0, Bitwidth P1</keys>
<column name="Z2o2_full_fu_1740_p2">*, 3, 0, 41, 27, 27</column>
<column name="tmp_127_fu_1837_p2">*, 3, 0, 20, 48, 11</column>
<column name="EFR_fu_3624_p2">+, 0, 0, 71, 64, 64</column>
<column name="LogF_normal_H_cast_fu_1896_p2">+, 0, 0, 30, 23, 23</column>
<column name="LogF_normal_H_fu_1891_p2">+, 0, 0, 71, 64, 64</column>
<column name="LogF_normal_L_2_fu_1788_p2">+, 0, 0, 67, 60, 60</column>
<column name="LogF_normal_L_fu_1783_p2">+, 0, 0, 71, 64, 64</column>
<column name="absELog2_H_fu_1967_p2">+, 0, 0, 15, 8, 8</column>
<column name="m0_fu_1862_p2">+, 0, 0, 68, 61, 61</column>
<column name="shiftval_fu_1621_p2">+, 0, 0, 15, 6, 7</column>
<column name="tmp196_fu_2039_p2">+, 0, 0, 64, 64, 64</column>
<column name="tmp_192_fu_1952_p2">+, 0, 0, 68, 61, 61</column>
<column name="tmp_199_fu_2044_p2">+, 0, 0, 64, 64, 64</column>
<column name="tmp_300_fu_3150_p2">+, 0, 0, 15, 6, 7</column>
<column name="E_fu_571_p2">-, 0, 0, 18, 11, 11</column>
<column name="E_small_fu_3463_p2">-, 0, 0, 18, 11, 11</column>
<column name="Log1p_normal_fu_1770_p2">-, 0, 0, 62, 55, 55</column>
<column name="tmp_121_fu_611_p2">-, 0, 0, 18, 1, 11</column>
<column name="tmp_178_fu_1654_p2">-, 0, 0, 33, 1, 26</column>
<column name="tmp_194_fu_1958_p2">-, 0, 0, 68, 61, 61</column>
<column name="tmp_197_fu_2024_p2">-, 0, 0, 42, 35, 35</column>
<column name="tmp_198_fu_2034_p2">-, 0, 0, 71, 64, 64</column>
<column name="tmp_306_fu_3281_p2">-, 0, 0, 15, 6, 7</column>
<column name="tmp_311_fu_3366_p2">-, 0, 0, 66, 59, 59</column>
<column name="tmp_318_fu_3477_p2">-, 0, 0, 18, 11, 11</column>
<column name="sR_fu_605_p2">and, 0, 0, 2, 1, 1</column>
<column name="sel_tmp10_fu_1197_p2">and, 0, 0, 2, 1, 1</column>
<column name="sel_tmp11_fu_1203_p2">and, 0, 0, 2, 1, 1</column>
<column name="sel_tmp14_fu_1223_p2">and, 0, 0, 2, 1, 1</column>
<column name="sel_tmp17_fu_1243_p2">and, 0, 0, 2, 1, 1</column>
<column name="sel_tmp18_fu_1249_p2">and, 0, 0, 2, 1, 1</column>
<column name="sel_tmp20_fu_1263_p2">and, 0, 0, 2, 1, 1</column>
<column name="sel_tmp23_fu_1289_p2">and, 0, 0, 2, 1, 1</column>
<column name="sel_tmp28_fu_2146_p2">and, 0, 0, 2, 1, 1</column>
<column name="sel_tmp29_fu_2330_p2">and, 0, 0, 2, 1, 1</column>
<column name="sel_tmp2_fu_901_p2">and, 0, 0, 2, 1, 1</column>
<column name="sel_tmp30_fu_2334_p2">and, 0, 0, 2, 1, 1</column>
<column name="sel_tmp31_fu_2339_p2">and, 0, 0, 2, 1, 1</column>
<column name="sel_tmp33_fu_2350_p2">and, 0, 0, 2, 1, 1</column>
<column name="sel_tmp34_fu_2355_p2">and, 0, 0, 2, 1, 1</column>
<column name="sel_tmp35_fu_2360_p2">and, 0, 0, 2, 1, 1</column>
<column name="sel_tmp37_fu_2376_p2">and, 0, 0, 2, 1, 1</column>
<column name="sel_tmp40_fu_2762_p2">and, 0, 0, 2, 1, 1</column>
<column name="sel_tmp41_fu_2900_p2">and, 0, 0, 2, 1, 1</column>
<column name="sel_tmp42_fu_2906_p2">and, 0, 0, 2, 1, 1</column>
<column name="sel_tmp43_fu_2912_p2">and, 0, 0, 2, 1, 1</column>
<column name="sel_tmp44_fu_2918_p2">and, 0, 0, 2, 1, 1</column>
<column name="sel_tmp46_fu_2930_p2">and, 0, 0, 2, 1, 1</column>
<column name="sel_tmp47_fu_2936_p2">and, 0, 0, 2, 1, 1</column>
<column name="sel_tmp48_fu_2942_p2">and, 0, 0, 2, 1, 1</column>
<column name="sel_tmp4_fu_945_p2">and, 0, 0, 2, 1, 1</column>
<column name="sel_tmp50_fu_2960_p2">and, 0, 0, 2, 1, 1</column>
<column name="sel_tmp6_fu_1073_p2">and, 0, 0, 2, 1, 1</column>
<column name="sel_tmp8_fu_1091_p2">and, 0, 0, 2, 1, 1</column>
<column name="small_fu_1649_p2">and, 0, 0, 2, 1, 1</column>
<column name="tmp_333_fu_3595_p2">and, 0, 0, 2, 1, 1</column>
<column name="not_tmp_s_fu_599_p2">icmp, 0, 0, 29, 63, 62</column>
<column name="p_result_1_1_fu_1562_p2">icmp, 0, 0, 8, 2, 1</column>
<column name="p_result_1_2_fu_2587_p2">icmp, 0, 0, 8, 2, 1</column>
<column name="p_result_1_3_fu_3200_p2">icmp, 0, 0, 8, 2, 1</column>
<column name="p_result_1_fu_1501_p2">icmp, 0, 0, 8, 2, 1</column>
<column name="p_result_2_1_fu_1303_p2">icmp, 0, 0, 9, 4, 1</column>
<column name="p_result_2_2_fu_2465_p2">icmp, 0, 0, 9, 4, 1</column>
<column name="p_result_2_3_fu_3174_p2">icmp, 0, 0, 9, 4, 1</column>
<column name="p_result_2_fu_1149_p2">icmp, 0, 0, 9, 4, 1</column>
<column name="p_result_3_1_fu_969_p2">icmp, 0, 0, 11, 8, 1</column>
<column name="p_result_3_2_fu_2196_p2">icmp, 0, 0, 11, 8, 1</column>
<column name="p_result_3_3_fu_2830_p2">icmp, 0, 0, 11, 8, 1</column>
<column name="p_result_3_fu_915_p2">icmp, 0, 0, 11, 8, 1</column>
<column name="p_result_4_1_fu_797_p2">icmp, 0, 0, 13, 16, 1</column>
<column name="p_result_4_2_fu_2118_p2">icmp, 0, 0, 13, 16, 1</column>
<column name="p_result_4_3_fu_2696_p2">icmp, 0, 0, 13, 16, 1</column>
<column name="p_result_4_fu_755_p2">icmp, 0, 0, 13, 16, 1</column>
<column name="p_result_5_1_fu_713_p2">icmp, 0, 0, 18, 32, 1</column>
<column name="p_result_5_2_fu_2068_p2">icmp, 0, 0, 29, 60, 1</column>
<column name="p_result_5_3_fu_2658_p2">icmp, 0, 0, 21, 34, 1</column>
<column name="p_result_5_fu_697_p2">icmp, 0, 0, 18, 32, 1</column>
<column name="sticky_fu_3557_p2">icmp, 0, 0, 9, 4, 1</column>
<column name="tmp_122_fu_625_p2">icmp, 0, 0, 29, 63, 1</column>
<column name="tmp_123_fu_631_p2">icmp, 0, 0, 29, 64, 63</column>
<column name="tmp_124_fu_637_p2">icmp, 0, 0, 29, 64, 54</column>
<column name="tmp_125_fu_643_p2">icmp, 0, 0, 13, 11, 2</column>
<column name="tmp_126_fu_657_p2">icmp, 0, 0, 29, 64, 62</column>
<column name="tmp_150_fu_1183_p2">icmp, 0, 0, 13, 16, 1</column>
<column name="tmp_176_fu_1461_p2">icmp, 0, 0, 13, 11, 11</column>
<column name="tmp_207_fu_2134_p2">icmp, 0, 0, 29, 60, 1</column>
<column name="tmp_212_fu_2230_p2">icmp, 0, 0, 13, 16, 1</column>
<column name="tmp_260_fu_2744_p2">icmp, 0, 0, 21, 34, 1</column>
<column name="tmp_273_fu_2888_p2">icmp, 0, 0, 21, 34, 1</column>
<column name="tmp_274_fu_2894_p2">icmp, 0, 0, 13, 16, 1</column>
<column name="tmp_297_fu_3253_p2">icmp, 0, 0, 11, 6, 6</column>
<column name="tmp_301_fu_3266_p2">icmp, 0, 0, 11, 7, 6</column>
<column name="tmp_309_fu_1801_p2">icmp, 0, 0, 11, 7, 6</column>
<column name="newSel238_v_fu_1139_p2">lshr, 0, 0, 182, 64, 64</column>
<column name="p_in1_fu_2186_p2">lshr, 0, 0, 182, 64, 64</column>
<column name="tmp_307_fu_3295_p2">lshr, 0, 0, 174, 60, 60</column>
<column name="tmp_310_fu_1809_p2">lshr, 0, 0, 72, 28, 28</column>
<column name="or_cond3_fu_2992_p2">or, 0, 0, 2, 1, 1</column>
<column name="or_cond4_fu_3159_p2">or, 0, 0, 2, 1, 1</column>
<column name="or_cond5_fu_3006_p2">or, 0, 0, 2, 1, 1</column>
<column name="or_cond6_fu_3163_p2">or, 0, 0, 2, 1, 1</column>
<column name="or_cond_fu_1113_p2">or, 0, 0, 2, 1, 1</column>
<column name="res_fp_fu_3637_p2">or, 0, 0, 64, 64, 64</column>
<column name="sel_tmp121_demorgan_fu_2366_p2">or, 0, 0, 2, 1, 1</column>
<column name="sel_tmp185_demorgan_fu_2948_p2">or, 0, 0, 2, 1, 1</column>
<column name="sel_tmp30_demorgan_fu_1079_p2">or, 0, 0, 2, 1, 1</column>
<column name="sel_tmp55_demorgan_fu_1277_p2">or, 0, 0, 2, 1, 1</column>
<column name="tmp_146_fu_1159_p2">or, 0, 0, 8, 8, 8</column>
<column name="tmp_190_fu_1938_p2">or, 0, 0, 64, 34, 64</column>
<column name="tmp_208_fu_2206_p2">or, 0, 0, 8, 8, 8</column>
<column name="tmp_256_fu_2720_p2">or, 0, 0, 16, 16, 16</column>
<column name="tmp_268_fu_2850_p2">or, 0, 0, 8, 8, 8</column>
<column name="tmp_271_fu_2874_p2">or, 0, 0, 16, 16, 16</column>
<column name="tmp_329_fu_3322_p2">or, 0, 0, 33, 33, 33</column>
<column name="tmp_332_fu_3589_p2">or, 0, 0, 2, 1, 1</column>
<column name="tmp_349_fu_3437_p2">or, 0, 0, 2, 1, 1</column>
<column name="E0_sub_1_fu_3443_p3">select, 0, 0, 2, 1, 2</column>
<column name="E0_sub_fu_3429_p3">select, 0, 0, 3, 1, 2</column>
<column name="E_normal_H_2_fu_3259_p3">select, 0, 0, 7, 1, 7</column>
<column name="LogF_normal_H_2_fu_1944_p3">select, 0, 0, 64, 1, 64</column>
<column name="Log_g_fu_3547_p3">select, 0, 0, 57, 1, 57</column>
<column name="Log_normal_H_fu_2320_p3">select, 0, 0, 64, 1, 64</column>
<column name="Log_normal_L_fu_1993_p3">select, 0, 0, 62, 1, 62</column>
<column name="Log_small_fu_3384_p3">select, 0, 0, 59, 1, 59</column>
<column name="Y0_fu_534_p3">select, 0, 0, 54, 1, 54</column>
<column name="Z2o2_small_fu_1823_p3">select, 0, 0, 31, 1, 1</column>
<column name="absE_fu_617_p3">select, 0, 0, 11, 1, 11</column>
<column name="absZ0_fu_1659_p3">select, 0, 0, 26, 1, 26</column>
<column name="lzo_1_in_fu_1604_p3">select, 0, 0, 6, 1, 6</column>
<column name="newSel1_fu_2152_p3">select, 0, 0, 6, 1, 5</column>
<column name="newSel236_v_v_fu_1119_p3">select, 0, 0, 6, 1, 6</column>
<column name="newSel238_v_v_fu_1127_p3">select, 0, 0, 6, 1, 6</column>
<column name="newSel242_cast_cast_fu_2166_p3">select, 0, 0, 5, 1, 3</column>
<column name="newSel258_cast_fu_3022_p3">select, 0, 0, 4, 1, 1</column>
<column name="newSel2_fu_2174_p3">select, 0, 0, 6, 1, 6</column>
<column name="newSel3_fu_2998_p3">select, 0, 0, 4, 1, 1</column>
<column name="newSel4_fu_3056_p3">select, 0, 0, 4, 1, 4</column>
<column name="newSel_v_v_fu_1105_p3">select, 0, 0, 6, 1, 6</column>
<column name="p_in2_fu_859_p3">select, 0, 0, 8, 1, 8</column>
<column name="p_in4_v_cast_fu_1097_p3">select, 0, 0, 5, 1, 5</column>
<column name="p_in5_fu_1001_p3">select, 0, 0, 4, 1, 1</column>
<column name="p_in78_v_fu_983_p3">select, 0, 0, 5, 1, 5</column>
<column name="p_in79_v_fu_975_p3">select, 0, 0, 6, 1, 3</column>
<column name="p_in79_v_pn_fu_1009_p3">select, 0, 0, 6, 1, 6</column>
<column name="p_in7_fu_2106_p3">select, 0, 0, 52, 1, 52</column>
<column name="p_in8_fu_1295_p3">select, 0, 0, 4, 1, 4</column>
<column name="p_in_fu_785_p3">select, 0, 0, 49, 1, 49</column>
<column name="p_v1_fu_2684_p3">select, 0, 0, 64, 1, 64</column>
<column name="p_v_fu_743_p3">select, 0, 0, 48, 1, 48</column>
<column name="p_val8_1_fu_1485_p3">select, 0, 0, 8, 1, 8</column>
<column name="p_val8_2_fu_1443_p3">select, 0, 0, 8, 1, 8</column>
<column name="p_val8_3_fu_1546_p3">select, 0, 0, 8, 1, 8</column>
<column name="p_val8_4_fu_2547_p3">select, 0, 0, 8, 1, 8</column>
<column name="p_val8_5_fu_2569_p3">select, 0, 0, 8, 1, 8</column>
<column name="p_val8_6_fu_3132_p3">select, 0, 0, 8, 1, 8</column>
<column name="p_val8_7_fu_3183_p3">select, 0, 0, 8, 1, 8</column>
<column name="p_val8_fu_1373_p3">select, 0, 0, 8, 1, 8</column>
<column name="sel_tmp12_fu_1209_p3">select, 0, 0, 4, 1, 4</column>
<column name="sel_tmp15_fu_1229_p3">select, 0, 0, 4, 1, 4</column>
<column name="sel_tmp19_fu_1255_p3">select, 0, 0, 4, 1, 4</column>
<column name="sel_tmp21_fu_1269_p3">select, 0, 0, 4, 1, 4</column>
<column name="sel_tmp24_fu_1357_p3">select, 0, 0, 8, 1, 8</column>
<column name="sel_tmp25_fu_1365_p3">select, 0, 0, 8, 1, 8</column>
<column name="sel_tmp9_fu_1189_p3">select, 0, 0, 4, 1, 4</column>
<column name="sel_tmp_fu_887_p3">select, 0, 0, 8, 1, 8</column>
<column name="squarerIn_fu_1717_p3">select, 0, 0, 27, 1, 27</column>
<column name="tmp_134_fu_823_p3">select, 0, 0, 8, 1, 8</column>
<column name="tmp_141_fu_907_p3">select, 0, 0, 8, 1, 8</column>
<column name="tmp_143_fu_931_p3">select, 0, 0, 8, 1, 8</column>
<column name="tmp_145_fu_961_p3">select, 0, 0, 8, 1, 8</column>
<column name="tmp_152_fu_1319_p3">select, 0, 0, 8, 1, 1</column>
<column name="tmp_154_fu_1341_p3">select, 0, 0, 8, 1, 1</column>
<column name="tmp_155_fu_1349_p3">select, 0, 0, 8, 1, 8</column>
<column name="tmp_159_fu_1523_p3">select, 0, 0, 2, 1, 1</column>
<column name="tmp_161_fu_1391_p3">select, 0, 0, 8, 1, 8</column>
<column name="tmp_165_fu_1409_p3">select, 0, 0, 8, 1, 8</column>
<column name="tmp_167_fu_1427_p3">select, 0, 0, 8, 1, 8</column>
<column name="tmp_168_fu_1435_p3">select, 0, 0, 8, 1, 8</column>
<column name="tmp_171_fu_1584_p3">select, 0, 0, 2, 1, 1</column>
<column name="tmp_219_fu_2250_p3">select, 0, 0, 4, 1, 4</column>
<column name="tmp_222_fu_2268_p3">select, 0, 0, 4, 1, 4</column>
<column name="tmp_223_fu_2426_p3">select, 0, 0, 4, 1, 4</column>
<column name="tmp_224_fu_2433_p3">select, 0, 0, 4, 1, 4</column>
<column name="tmp_225_fu_2441_p3">select, 0, 0, 4, 1, 4</column>
<column name="tmp_226_fu_2449_p3">select, 0, 0, 4, 1, 4</column>
<column name="tmp_227_fu_2457_p3">select, 0, 0, 4, 1, 4</column>
<column name="tmp_230_fu_2294_p3">select, 0, 0, 8, 1, 8</column>
<column name="tmp_232_fu_2312_p3">select, 0, 0, 8, 1, 8</column>
<column name="tmp_234_fu_2480_p3">select, 0, 0, 8, 1, 8</column>
<column name="tmp_236_fu_2496_p3">select, 0, 0, 8, 1, 8</column>
<column name="tmp_238_fu_2513_p3">select, 0, 0, 8, 1, 8</column>
<column name="tmp_240_fu_2530_p3">select, 0, 0, 8, 1, 8</column>
<column name="tmp_244_fu_2609_p3">select, 0, 0, 2, 1, 1</column>
<column name="tmp_263_fu_2790_p3">select, 0, 0, 8, 1, 8</column>
<column name="tmp_266_fu_2814_p3">select, 0, 0, 8, 1, 1</column>
<column name="tmp_267_fu_2822_p3">select, 0, 0, 8, 1, 8</column>
<column name="tmp_277_fu_2984_p3">select, 0, 0, 4, 1, 4</column>
<column name="tmp_281_fu_3040_p3">select, 0, 0, 4, 1, 1</column>
<column name="tmp_282_fu_3048_p3">select, 0, 0, 4, 1, 4</column>
<column name="tmp_283_fu_3168_p3">select, 0, 0, 4, 1, 4</column>
<column name="tmp_285_fu_3074_p3">select, 0, 0, 8, 1, 1</column>
<column name="tmp_286_fu_3082_p3">select, 0, 0, 8, 1, 8</column>
<column name="tmp_287_fu_3090_p3">select, 0, 0, 8, 1, 1</column>
<column name="tmp_289_fu_3108_p3">select, 0, 0, 8, 1, 8</column>
<column name="tmp_290_fu_3116_p3">select, 0, 0, 8, 1, 1</column>
<column name="tmp_291_fu_3124_p3">select, 0, 0, 8, 1, 8</column>
<column name="tmp_294_fu_3222_p3">select, 0, 0, 2, 1, 1</column>
<column name="tmp_308_fu_3304_p3">select, 0, 0, 33, 1, 33</column>
<column name="tmp_322_fu_3505_p3">select, 0, 0, 56, 1, 56</column>
<column name="tmp_327_fu_3531_p3">select, 0, 0, 56, 1, 56</column>
<column name="tmp_335_fu_3605_p3">select, 0, 0, 11, 1, 11</column>
<column name="Log_normal_normd_L_fu_3312_p2">shl, 0, 0, 182, 64, 64</column>
<column name="tmp_182_fu_1685_p2">shl, 0, 0, 182, 64, 64</column>
<column name="tmp_305_fu_3276_p2">shl, 0, 0, 182, 64, 64</column>
<column name="E_normal_H_fu_3243_p2">xor, 0, 0, 6, 6, 1</column>
<column name="E_normal_L_fu_2630_p2">xor, 0, 0, 6, 6, 1</column>
<column name="MAN_IN_fu_681_p2">xor, 0, 0, 64, 14, 64</column>
<column name="lzo_fu_1611_p2">xor, 0, 0, 6, 6, 1</column>
<column name="or_cond1_fu_2160_p2">xor, 0, 0, 2, 1, 1</column>
<column name="or_cond2_fu_2798_p2">xor, 0, 0, 2, 1, 1</column>
<column name="phitmp_fu_593_p2">xor, 0, 0, 2, 1, 2</column>
<column name="sel_tmp13_fu_1217_p2">xor, 0, 0, 2, 1, 2</column>
<column name="sel_tmp16_fu_1237_p2">xor, 0, 0, 2, 1, 2</column>
<column name="sel_tmp1_fu_895_p2">xor, 0, 0, 2, 1, 2</column>
<column name="sel_tmp22_fu_1283_p2">xor, 0, 0, 2, 1, 2</column>
<column name="sel_tmp26_fu_2325_p2">xor, 0, 0, 2, 1, 2</column>
<column name="sel_tmp27_fu_2140_p2">xor, 0, 0, 2, 1, 2</column>
<column name="sel_tmp32_fu_2345_p2">xor, 0, 0, 2, 1, 2</column>
<column name="sel_tmp36_fu_2370_p2">xor, 0, 0, 2, 1, 2</column>
<column name="sel_tmp38_fu_2750_p2">xor, 0, 0, 2, 1, 2</column>
<column name="sel_tmp39_fu_2756_p2">xor, 0, 0, 2, 1, 2</column>
<column name="sel_tmp3_fu_939_p2">xor, 0, 0, 2, 1, 2</column>
<column name="sel_tmp45_fu_2924_p2">xor, 0, 0, 2, 1, 2</column>
<column name="sel_tmp49_fu_2954_p2">xor, 0, 0, 2, 1, 2</column>
<column name="sel_tmp5_fu_1067_p2">xor, 0, 0, 2, 1, 2</column>
<column name="sel_tmp7_fu_1085_p2">xor, 0, 0, 2, 1, 2</column>
<column name="tmp_118_fu_543_p2">xor, 0, 0, 2, 2, 1</column>
<column name="tmp_177_fu_1643_p2">xor, 0, 0, 2, 1, 2</column>
</table>
</item>
<item name = "Multiplexer"><table name="" hasTotal="1">
<keys size="5">Name, LUT, Input Size, Bits, Total Bits</keys>
<column name="ap_NS_fsm">44, 9, 1, 9</column>
<column name="ap_phi_mux_p_0_phi_fu_425_p14">9, 2, 64, 128</column>
<column name="p_0_reg_418">33, 6, 64, 384</column>
</table>
</item>
<item name = "Register"><table name="" hasTotal="1">
<keys size="5">Name, FF, LUT, Bits, Const Bits</keys>
<column name="A_reg_3783">5, 0, 5, 0</column>
<column name="E_normal_H_2_reg_4018">7, 0, 7, 0</column>
<column name="FirstBit_reg_3661">1, 0, 1, 0</column>
<column name="LogF_normal_H_2_reg_3873">64, 0, 64, 0</column>
<column name="LogF_normal_L_2_reg_3841">60, 0, 60, 0</column>
<column name="Log_normal_H_reg_3958">64, 0, 64, 0</column>
<column name="Log_normal_L_1_reg_3903">60, 0, 60, 0</column>
<column name="Log_normal_L_reg_3889">62, 0, 62, 0</column>
<column name="Y0_reg_3666">54, 0, 54, 0</column>
<column name="Z2o2_small_reg_3852">28, 0, 31, 3</column>
<column name="absE_reg_3680">11, 0, 11, 0</column>
<column name="absZ0s_reg_3815">25, 0, 25, 0</column>
<column name="almostLog_H_reg_3805">64, 0, 64, 0</column>
<column name="almostLog_L_reg_3810">64, 0, 64, 0</column>
<column name="ap_CS_fsm">8, 0, 8, 0</column>
<column name="grp_range_red_fu_446_ap_start_reg">1, 0, 1, 0</column>
<column name="lzo_reg_3788">6, 0, 6, 0</column>
<column name="newSel4_reg_3998">4, 0, 4, 0</column>
<column name="or_cond3_reg_3988">1, 0, 1, 0</column>
<column name="p_0_reg_418">64, 0, 64, 0</column>
<column name="p_result_2_1_reg_3746">1, 0, 1, 0</column>
<column name="p_result_2_reg_3740">1, 0, 1, 0</column>
<column name="p_result_3_1_reg_3735">1, 0, 1, 0</column>
<column name="p_result_3_2_reg_3940">1, 0, 1, 0</column>
<column name="p_result_3_3_reg_3973">1, 0, 1, 0</column>
<column name="p_result_3_reg_3730">1, 0, 1, 0</column>
<column name="p_result_4_1_reg_3725">1, 0, 1, 0</column>
<column name="p_result_4_2_reg_3928">1, 0, 1, 0</column>
<column name="p_result_4_3_reg_3968">1, 0, 1, 0</column>
<column name="p_result_4_reg_3720">1, 0, 1, 0</column>
<column name="p_result_5_1_reg_3715">1, 0, 1, 0</column>
<column name="p_result_5_2_reg_3919">1, 0, 1, 0</column>
<column name="p_result_5_3_reg_3963">1, 0, 1, 0</column>
<column name="p_result_5_reg_3710">1, 0, 1, 0</column>
<column name="p_val8_2_reg_3762">8, 0, 8, 0</column>
<column name="p_val8_6_reg_4003">8, 0, 8, 0</column>
<column name="p_val8_reg_3752">8, 0, 8, 0</column>
<column name="sR_reg_3671">1, 0, 1, 0</column>
<column name="sel_tmp27_reg_3935">1, 0, 1, 0</column>
<column name="sel_tmp44_reg_3978">1, 0, 1, 0</column>
<column name="sel_tmp47_reg_3983">1, 0, 1, 0</column>
<column name="shiftval_reg_3793">7, 0, 7, 0</column>
<column name="small_reg_3799">1, 0, 1, 0</column>
<column name="squarerIn_reg_3821">27, 0, 27, 0</column>
<column name="tmp_122_reg_3686">1, 0, 1, 0</column>
<column name="tmp_123_reg_3690">1, 0, 1, 0</column>
<column name="tmp_124_reg_3694">1, 0, 1, 0</column>
<column name="tmp_125_reg_3698">1, 0, 1, 0</column>
<column name="tmp_126_reg_3706">1, 0, 1, 0</column>
<column name="tmp_136_reg_3702">1, 0, 1, 0</column>
<column name="tmp_138_reg_3863">1, 0, 1, 0</column>
<column name="tmp_157_reg_3757">4, 0, 4, 0</column>
<column name="tmp_169_reg_3767">4, 0, 4, 0</column>
<column name="tmp_176_reg_3772">1, 0, 1, 0</column>
<column name="tmp_192_reg_3879">61, 0, 61, 0</column>
<column name="tmp_194_reg_3884">61, 0, 61, 0</column>
<column name="tmp_198_reg_3909">64, 0, 64, 0</column>
<column name="tmp_199_reg_3914">64, 0, 64, 0</column>
<column name="tmp_221_reg_3777">26, 0, 26, 0</column>
<column name="tmp_222_reg_3948">4, 0, 4, 0</column>
<column name="tmp_229_cast_reg_3858">8, 0, 8, 0</column>
<column name="tmp_232_reg_3953">8, 0, 8, 0</column>
<column name="tmp_248_reg_3826">55, 0, 55, 0</column>
<column name="tmp_249_reg_3831">60, 0, 60, 0</column>
<column name="tmp_254_reg_3846">1, 0, 1, 0</column>
<column name="tmp_255_reg_3836">23, 0, 23, 0</column>
<column name="tmp_282_reg_3993">4, 0, 4, 0</column>
<column name="tmp_292_reg_4008">4, 0, 4, 0</column>
<column name="tmp_300_reg_4013">7, 0, 7, 0</column>
<column name="tmp_330_reg_4023">57, 0, 57, 0</column>
<column name="tmp_345_cast_reg_3868">26, 0, 26, 0</column>
</table>
</item>
</section>
</item>
</section>

<section name = "Interface" level="0">
<item name = "Summary"><table name="" hasTotal="0">
<keys size="6">RTL Ports, Dir, Bits, Protocol, Source Object, C Type</keys>
<column name="ap_clk">in, 1, ap_ctrl_hs, logd, return value</column>
<column name="ap_rst">in, 1, ap_ctrl_hs, logd, return value</column>
<column name="ap_start">in, 1, ap_ctrl_hs, logd, return value</column>
<column name="ap_done">out, 1, ap_ctrl_hs, logd, return value</column>
<column name="ap_idle">out, 1, ap_ctrl_hs, logd, return value</column>
<column name="ap_ready">out, 1, ap_ctrl_hs, logd, return value</column>
<column name="ap_return">out, 64, ap_ctrl_hs, logd, return value</column>
<column name="x">in, 64, ap_none, x, scalar</column>
</table>
</item>
</section>
</profile>
