<profile>

<section name = "Vivado HLS Report for 'range_red'" level="0">
<item name = "Date">Thu May 30 06:13:35 2019
</item>
<item name = "Version">2018.3 (Build 2405991 on Thu Dec 06 23:56:15 MST 2018)</item>
<item name = "Project">hotbm_log</item>
<item name = "Solution">solution1</item>
<item name = "Product family">virtex7</item>
<item name = "Target device">xc7vx690tffg1761-2</item>
</section>

<section name = "Performance Estimates" level="0">
<item name = "Timing (ns)">
<section name = "" level="1">
<item name = "Summary"><table name="" hasTotal="0">
<keys size="4">Clock, Target, Estimated, Uncertainty</keys>
<column name="ap_clk">10.00, 8.533, 1.25</column>
</table>
</item>
</section>
</item>
<item name = "Latency (clock cycles)">
<section name = "" level="1">
<item name = "Summary"><table name="" hasTotal="0">
<keys size="6">, min, max, min, max, Type</keys>
<column name="">18, 18, 18, 18, none</column>
</table>
</item>
<item name = "Detail">
<section name = "" level="1">
<item name = "Instance"><table name="" hasTotal="0">
<keys size="7">Instance, Module, min, max, min, max, Type</keys>
</table>
</item>
<item name = "Loop"><table name="" hasTotal="0">
<keys size="8">Loop Name, min, max, Latency, achieved, target, Count, Pipelined</keys>
</table>
</item>
</section>
</item>
</section>
</item>
</section>

<section name = "Utilization Estimates" level="0">
<item name = "Summary"><table name="" hasTotal="1">
<keys size="5">Name, BRAM_18K, DSP48E, FF, LUT</keys>
<column name="DSP">-, 1, -, -</column>
<column name="Expression">-, 3, 0, 4750</column>
<column name="FIFO">-, -, -, -</column>
<column name="Instance">-, -, -, -</column>
<column name="Memory">4, -, 499, 136</column>
<column name="Multiplexer">-, -, -, 97</column>
<column name="Register">-, -, 2009, -</column>
<specialColumn name="Available">2940, 3600, 866400, 433200</specialColumn>
<specialColumn name="Utilization (%)">~0, ~0, ~0, 1</specialColumn>
</table>
</item>
<item name = "Detail">
<section name = "" level="1">
<item name = "Instance"><table name="" hasTotal="1">
<keys size="6">Instance, Module, BRAM_18K, DSP48E, FF, LUT</keys>
</table>
</item>
<item name = "DSP48"><table name="" hasTotal="0">
<keys size="3">Instance, Module, Expression</keys>
<column name="logd_mac_muladd_4ncg_U1">logd_mac_muladd_4ncg, i0 * i1 + i2</column>
</table>
</item>
<item name = "Memory"><table name="" hasTotal="1">
<keys size="9">Memory, Module, BRAM_18K, FF, LUT, Words, Bits, Banks, W*Bits*Banks</keys>
<column name="invtable0_U">range_red_invtable0, 0, 6, 3, 32, 6, 1, 192</column>
<column name="logtable0_1_U">range_red_logtablbkb, 0, 23, 12, 32, 23, 1, 736</column>
<column name="logtable1_1_U">range_red_logtablcud, 0, 19, 5, 16, 19, 1, 304</column>
<column name="logtable2_1_U">range_red_logtabldEe, 0, 16, 4, 16, 16, 1, 256</column>
<column name="logtable6_U">range_red_logtable6, 2, 0, 0, 16, 64, 1, 1024</column>
<column name="logtable7_U">range_red_logtable7, 0, 61, 16, 16, 61, 1, 976</column>
<column name="logtable8_U">range_red_logtable8, 0, 58, 15, 16, 58, 1, 928</column>
<column name="logtable3_1_U">range_red_logtableOg, 0, 13, 4, 16, 13, 1, 208</column>
<column name="logtable4_1_U">range_red_logtablfYi, 0, 10, 3, 16, 10, 1, 160</column>
<column name="logtable5_1_U">range_red_logtablg8j, 0, 7, 2, 16, 7, 1, 112</column>
<column name="logtable0_0_U">range_red_logtablhbi, 2, 0, 0, 32, 60, 1, 1920</column>
<column name="logtable1_0_U">range_red_logtablibs, 0, 60, 15, 16, 60, 1, 960</column>
<column name="logtable2_0_U">range_red_logtabljbC, 0, 60, 15, 16, 60, 1, 960</column>
<column name="logtable3_0_U">range_red_logtablkbM, 0, 60, 15, 16, 60, 1, 960</column>
<column name="logtable4_0_U">range_red_logtabllbW, 0, 56, 14, 16, 56, 1, 896</column>
<column name="logtable5_0_U">range_red_logtablmb6, 0, 50, 13, 16, 50, 1, 800</column>
</table>
</item>
<item name = "FIFO"><table name="" hasTotal="1">
<keys size="7">Name, BRAM_18K, FF, LUT, Depth, Bits, Size:D*B</keys>
</table>
</item>
<item name = "Expression"><table name="" hasTotal="1">
<keys size="7">Variable Name, Operation, DSP48E, FF, LUT, Bitwidth P0, Bitwidth P1</keys>
<column name="P0_fu_536_p2">*, 3, 0, 33, 54, 6</column>
<column name="P2_0_fu_761_p2">*, 0, 0, 43, 4, 62</column>
<column name="P3_0_fu_969_p2">*, 0, 0, 39, 4, 60</column>
<column name="P4_0_fu_1306_p2">*, 0, 0, 36, 4, 57</column>
<column name="P5_fu_1593_p2">*, 0, 0, 30, 4, 51</column>
<column name="P6_fu_1819_p2">*, 0, 0, 17, 4, 45</column>
<column name="P7_fu_1949_p2">*, 0, 0, 28, 4, 39</column>
<column name="P8_fu_2157_p2">*, 0, 0, 22, 4, 33</column>
<column name="tmp_1_fu_574_p2">*, 0, 0, 33, 4, 54</column>
<column name="B6_fu_1687_p2">+, 0, 0, 67, 60, 60</column>
<column name="B7_fu_1911_p2">+, 0, 0, 64, 57, 57</column>
<column name="B8_fu_2101_p2">+, 0, 0, 61, 54, 54</column>
<column name="SUM_LS_1_fu_2336_p2">+, 0, 0, 67, 60, 60</column>
<column name="SUM_LS_fu_2330_p2">+, 0, 0, 70, 63, 63</column>
<column name="SUM_MS_fu_2434_p2">+, 0, 0, 64, 24, 24</column>
<column name="Z2_d_fu_661_p2">+, 0, 0, 69, 62, 62</column>
<column name="Z3_1_fu_882_p2">+, 0, 0, 64, 10, 10</column>
<column name="Z4_0_2_fu_1181_p2">+, 0, 0, 67, 60, 60</column>
<column name="Z4_0_cast_fu_1187_p2">+, 0, 0, 68, 61, 61</column>
<column name="Z4_0_fu_1175_p2">+, 0, 0, 71, 64, 64</column>
<column name="Z4_1_fu_1249_p2">+, 0, 0, 64, 11, 11</column>
<column name="Z5_0_2_fu_1447_p2">+, 0, 0, 67, 60, 60</column>
<column name="Z5_0_cast_fu_1453_p2">+, 0, 0, 68, 61, 61</column>
<column name="Z5_0_fu_1441_p2">+, 0, 0, 70, 63, 63</column>
<column name="Z5_1_fu_1473_p2">+, 0, 0, 15, 8, 8</column>
<column name="Z6_0_cast_fu_1693_p2">+, 0, 0, 68, 61, 61</column>
<column name="Z6_0_fu_1681_p2">+, 0, 0, 69, 62, 62</column>
<column name="Z6_1_fu_1713_p2">+, 0, 0, 15, 5, 5</column>
<column name="Z7_0_cast_cast_fu_1916_p2">+, 0, 0, 68, 61, 61</column>
<column name="Z7_0_fu_1905_p2">+, 0, 0, 69, 62, 62</column>
<column name="Z8_0_cast25_cast_fu_2107_p2">+, 0, 0, 65, 58, 58</column>
<column name="Z8_0_fu_2095_p2">+, 0, 0, 66, 59, 59</column>
<column name="Z9_fu_2221_p2">+, 0, 0, 64, 56, 56</column>
<column name="tmp10_fu_2283_p2">+, 0, 0, 64, 61, 61</column>
<column name="tmp11_fu_2267_p2">+, 0, 0, 63, 56, 56</column>
<column name="tmp12_fu_2277_p2">+, 0, 0, 64, 61, 61</column>
<column name="tmp13_fu_2312_p2">+, 0, 0, 64, 62, 62</column>
<column name="tmp14_fu_1113_p2">+, 0, 0, 68, 61, 61</column>
<column name="tmp15_fu_2306_p2">+, 0, 0, 64, 62, 62</column>
<column name="tmp16_fu_2296_p2">+, 0, 0, 68, 61, 61</column>
<column name="tmp17_fu_2397_p2">+, 0, 0, 64, 24, 24</column>
<column name="tmp18_fu_2370_p2">+, 0, 0, 31, 24, 24</column>
<column name="tmp19_fu_1119_p2">+, 0, 0, 24, 17, 17</column>
<column name="tmp20_fu_2424_p2">+, 0, 0, 64, 11, 11</column>
<column name="tmp21_fu_2402_p2">+, 0, 0, 64, 11, 11</column>
<column name="tmp22_fu_2414_p2">+, 0, 0, 64, 5, 5</column>
<column name="tmp23_fu_2408_p2">+, 0, 0, 64, 5, 5</column>
<column name="tmp_103_fu_1769_p2">+, 0, 0, 13, 4, 4</column>
<column name="tmp_112_fu_2205_p2">+, 0, 0, 62, 55, 55</column>
<column name="tmp_11_fu_703_p2">+, 0, 0, 55, 48, 48</column>
<column name="tmp_14_fu_721_p2">+, 0, 0, 68, 61, 61</column>
<column name="tmp_20_fu_749_p2">+, 0, 0, 16, 9, 9</column>
<column name="tmp_40_fu_1149_p2">+, 0, 0, 64, 64, 64</column>
<column name="tmp_49_fu_1091_p2">+, 0, 0, 17, 10, 10</column>
<column name="tmp_64_fu_1409_p2">+, 0, 0, 64, 62, 62</column>
<column name="tmp_72_fu_1507_p2">+, 0, 0, 16, 2, 9</column>
<column name="tmp_74_fu_1525_p2">+, 0, 0, 15, 8, 8</column>
<column name="tmp_86_fu_1747_p2">+, 0, 0, 13, 2, 4</column>
<column name="tmp_8_fu_655_p2">+, 0, 0, 67, 60, 60</column>
<column name="Z3_0_fu_803_p2">-, 0, 0, 69, 62, 62</column>
<column name="tmp_105_fu_2051_p2">-, 0, 0, 65, 58, 58</column>
<column name="tmp_113_fu_2215_p2">-, 0, 0, 64, 56, 56</column>
<column name="tmp_21_fu_826_p2">-, 0, 0, 17, 10, 10</column>
<column name="tmp_22_fu_832_p2">-, 0, 0, 64, 10, 10</column>
<column name="tmp_39_fu_1052_p2">-, 0, 0, 68, 61, 61</column>
<column name="tmp_41_fu_1155_p2">-, 0, 0, 64, 64, 64</column>
<column name="tmp_50_fu_1199_p2">-, 0, 0, 64, 11, 11</column>
<column name="tmp_63_fu_1399_p2">-, 0, 0, 68, 61, 61</column>
<column name="tmp_65_fu_1415_p2">-, 0, 0, 64, 62, 62</column>
<column name="tmp_7_fu_645_p2">-, 0, 0, 67, 60, 60</column>
<column name="tmp_80_fu_1647_p2">-, 0, 0, 68, 61, 61</column>
<column name="tmp_94_fu_1844_p2">-, 0, 0, 68, 61, 61</column>
<column name="tmp_100_fu_2009_p2">icmp, 0, 0, 9, 4, 1</column>
<column name="tmp_109_fu_2163_p2">icmp, 0, 0, 9, 4, 1</column>
<column name="tmp_10_fu_677_p2">icmp, 0, 0, 9, 4, 1</column>
<column name="tmp_24_fu_856_p2">icmp, 0, 0, 29, 62, 62</column>
<column name="tmp_32_fu_1004_p2">icmp, 0, 0, 9, 4, 1</column>
<column name="tmp_52_fu_1223_p2">icmp, 0, 0, 29, 64, 62</column>
<column name="tmp_57_fu_1339_p2">icmp, 0, 0, 9, 4, 1</column>
<column name="tmp_5_fu_580_p2">icmp, 0, 0, 9, 4, 1</column>
<column name="tmp_71_fu_1501_p2">icmp, 0, 0, 29, 63, 62</column>
<column name="tmp_77_fu_1618_p2">icmp, 0, 0, 9, 4, 1</column>
<column name="tmp_85_fu_1741_p2">icmp, 0, 0, 29, 62, 62</column>
<column name="tmp_91_fu_1825_p2">icmp, 0, 0, 9, 4, 1</column>
<column name="tmp_58_fu_1355_p2">or, 0, 0, 25, 24, 25</column>
<column name="tmp_78_fu_1630_p2">or, 0, 0, 25, 24, 25</column>
<column name="A6_fu_1775_p3">select, 0, 0, 4, 1, 4</column>
<column name="Z3_1_1_v_fu_874_p3">select, 0, 0, 10, 1, 2</column>
<column name="Z4_1_2_v_fu_1241_p3">select, 0, 0, 11, 1, 2</column>
<column name="Z5_1_2_fu_1554_p3">select, 0, 0, 9, 1, 9</column>
<column name="epsZ1_1_fu_612_p3">select, 0, 0, 60, 1, 60</column>
<column name="epsZ1_fu_592_p3">select, 0, 0, 59, 1, 1</column>
<column name="epsZ2_0_fu_683_p3">select, 0, 0, 60, 1, 1</column>
<column name="epsZ3_0_fu_1009_p3">select, 0, 0, 49, 1, 1</column>
<column name="epsZ3_1_fu_1023_p3">select, 0, 0, 20, 1, 1</column>
<column name="epsZ4_0_fu_1344_p3">select, 0, 0, 42, 1, 1</column>
<column name="epsZ4_1_fu_1361_p3">select, 0, 0, 25, 1, 1</column>
<column name="epsZ5_0_fu_1623_p3">select, 0, 0, 39, 1, 1</column>
<column name="epsZ5_1_fu_1636_p3">select, 0, 0, 25, 1, 1</column>
<column name="epsZ6_0_fu_1854_p3">select, 0, 0, 36, 1, 1</column>
<column name="epsZ6_1_fu_1867_p3">select, 0, 0, 24, 1, 1</column>
<column name="epsZ7_0_fu_2014_p3">select, 0, 0, 33, 1, 1</column>
<column name="epsZ8_0_fu_2168_p3">select, 0, 0, 29, 1, 1</column>
<column name="tmp_101_fu_2028_p3">select, 0, 0, 24, 1, 1</column>
<column name="tmp_173_cast_cast_fu_2183_p3">select, 0, 0, 54, 1, 1</column>
<column name="tmp_22_cast_cast_fu_727_p3">select, 0, 0, 8, 1, 1</column>
</table>
</item>
<item name = "Multiplexer"><table name="" hasTotal="1">
<keys size="5">Name, LUT, Input Size, Bits, Total Bits</keys>
<column name="ap_NS_fsm">97, 20, 1, 20</column>
</table>
</item>
<item name = "Register"><table name="" hasTotal="1">
<keys size="5">Name, FF, LUT, Bits, Const Bits</keys>
<column name="A1_reg_2497">4, 0, 4, 0</column>
<column name="A2_reg_2524">4, 0, 4, 0</column>
<column name="A3_reg_2565">4, 0, 4, 0</column>
<column name="A4_reg_2694">4, 0, 4, 0</column>
<column name="A5_reg_2766">4, 0, 4, 0</column>
<column name="A6_reg_2782">4, 0, 4, 0</column>
<column name="A7_reg_2823">4, 0, 4, 0</column>
<column name="A8_reg_2849">4, 0, 4, 0</column>
<column name="B6_reg_2777">60, 0, 60, 0</column>
<column name="B7_reg_2818">57, 0, 57, 0</column>
<column name="B8_reg_2844">54, 0, 54, 0</column>
<column name="InvA0_reg_2486">6, 0, 6, 0</column>
<column name="SUM_LS_1_reg_2935">60, 0, 60, 0</column>
<column name="Z1_d_reg_2491">54, 0, 54, 0</column>
<column name="Z2_d_reg_2519">62, 0, 62, 0</column>
<column name="Z3_1_2_reg_2560">9, 0, 9, 0</column>
<column name="Z4_0_2_reg_2679">60, 0, 60, 0</column>
<column name="Z4_1_reg_2684">11, 0, 11, 0</column>
<column name="Z5_0_2_reg_2726">60, 0, 60, 0</column>
<column name="Z5_1_2_reg_2756">9, 0, 9, 0</column>
<column name="Z9_reg_2920">56, 0, 56, 0</column>
<column name="ZM8_reg_2855">33, 0, 33, 0</column>
<column name="ap_CS_fsm">19, 0, 19, 0</column>
<column name="epsZ3_0_reg_2637">49, 0, 49, 0</column>
<column name="logtable4_1_load_reg_2925">10, 0, 10, 0</column>
<column name="logtable5_1_load_reg_2930">7, 0, 7, 0</column>
<column name="phitmp1_cast_reg_2587">49, 0, 49, 0</column>
<column name="phitmp4_cast_reg_2711">42, 0, 42, 0</column>
<column name="phitmp7_cast_reg_2751">39, 0, 39, 0</column>
<column name="tmp14_reg_2669">61, 0, 61, 0</column>
<column name="tmp18_reg_2955">24, 0, 24, 0</column>
<column name="tmp19_reg_2674">17, 0, 17, 0</column>
<column name="tmp_104_reg_2839">39, 0, 39, 0</column>
<column name="tmp_110_reg_2860">29, 0, 29, 0</column>
<column name="tmp_114_reg_2945">4, 0, 4, 0</column>
<column name="tmp_116_reg_2813">57, 0, 57, 0</column>
<column name="tmp_117_reg_2834">1, 0, 1, 0</column>
<column name="tmp_118_reg_2950">3, 0, 3, 0</column>
<column name="tmp_120_cast_reg_2746">44, 0, 44, 0</column>
<column name="tmp_127_reg_2940">1, 0, 1, 0</column>
<column name="tmp_12_reg_2509">50, 0, 50, 0</column>
<column name="tmp_146_cast_reg_2796">36, 0, 36, 0</column>
<column name="tmp_14_reg_2529">61, 0, 61, 0</column>
<column name="tmp_159_cast_reg_2829">33, 0, 33, 0</column>
<column name="tmp_16_reg_2545">59, 0, 59, 0</column>
<column name="tmp_17_reg_2550">1, 0, 1, 0</column>
<column name="tmp_18_reg_2555">4, 0, 4, 0</column>
<column name="tmp_1_reg_2514">58, 0, 58, 0</column>
<column name="tmp_20_reg_2534">9, 0, 9, 0</column>
<column name="tmp_27_reg_2577">6, 0, 6, 0</column>
<column name="tmp_2_reg_2539">4, 0, 64, 60</column>
<column name="tmp_30_reg_2607">4, 0, 4, 0</column>
<column name="tmp_34_reg_2592">56, 0, 56, 0</column>
<column name="tmp_35_reg_2644">9, 0, 15, 6</column>
<column name="tmp_37_reg_2649">4, 0, 4, 0</column>
<column name="tmp_39_reg_2654">61, 0, 61, 0</column>
<column name="tmp_43_cast_reg_2572">54, 0, 54, 0</column>
<column name="tmp_46_reg_2602">5, 0, 5, 0</column>
<column name="tmp_48_cast_reg_2582">3, 0, 3, 0</column>
<column name="tmp_49_reg_2664">10, 0, 10, 0</column>
<column name="tmp_54_reg_2689">6, 0, 6, 0</column>
<column name="tmp_55_reg_2706">10, 0, 10, 0</column>
<column name="tmp_59_cast_reg_2612">56, 0, 56, 0</column>
<column name="tmp_61_reg_2721">1, 0, 1, 0</column>
<column name="tmp_67_cast_reg_2597">4, 0, 4, 0</column>
<column name="tmp_71_reg_2731">1, 0, 1, 0</column>
<column name="tmp_72_cast_reg_2659">3, 0, 3, 0</column>
<column name="tmp_72_reg_2736">9, 0, 9, 0</column>
<column name="tmp_74_reg_2741">8, 0, 8, 0</column>
<column name="tmp_75_reg_2761">3, 0, 3, 0</column>
<column name="tmp_79_reg_2772">51, 0, 51, 0</column>
<column name="tmp_88_reg_2791">41, 0, 41, 0</column>
<column name="tmp_89_cast_reg_2701">47, 0, 47, 0</column>
<column name="tmp_91_reg_2801">1, 0, 1, 0</column>
<column name="tmp_94_reg_2807">61, 0, 61, 0</column>
<column name="tmp_98_cast_reg_2716">56, 0, 56, 0</column>
<column name="tmp_9_reg_2504">1, 0, 1, 0</column>
<column name="tmp_reg_2475">5, 0, 64, 59</column>
</table>
</item>
</section>
</item>
</section>

<section name = "Interface" level="0">
<item name = "Summary"><table name="" hasTotal="0">
<keys size="6">RTL Ports, Dir, Bits, Protocol, Source Object, C Type</keys>
<column name="ap_clk">in, 1, ap_ctrl_hs, range_red, return value</column>
<column name="ap_rst">in, 1, ap_ctrl_hs, range_red, return value</column>
<column name="ap_start">in, 1, ap_ctrl_hs, range_red, return value</column>
<column name="ap_done">out, 1, ap_ctrl_hs, range_red, return value</column>
<column name="ap_idle">out, 1, ap_ctrl_hs, range_red, return value</column>
<column name="ap_ready">out, 1, ap_ctrl_hs, range_red, return value</column>
<column name="ap_return_0">out, 64, ap_ctrl_hs, range_red, return value</column>
<column name="ap_return_1">out, 64, ap_ctrl_hs, range_red, return value</column>
<column name="ap_return_2">out, 64, ap_ctrl_hs, range_red, return value</column>
<column name="A">in, 5, ap_none, A, scalar</column>
<column name="Y0">in, 54, ap_none, Y0, scalar</column>
</table>
</item>
</section>
</profile>
