{
  "Top": "logd",
  "RtlTop": "logd",
  "RtlPrefix": "",
  "SourceLanguage": "c",
  "ResetStyle": "control",
  "GenerateBdFiles": "0",
  "HostMachineBits": "64",
  "Target": {
    "Family": "virtex7",
    "Device": "xc7vx690t",
    "Package": "ffg1761",
    "Speed": "-2"
  },
  "HlsSolution": {"Config": [
      "config_compile -no_signed_zeros=0",
      "config_compile -unsafe_math_optimizations=0",
      "config_sdx -optimization_level=none",
      "config_sdx -target=none",
      "config_schedule -effort=medium",
      "config_schedule -relax_ii_for_timing=0",
      "config_bind -effort=medium"
    ]},
  "ClockInfo": {
    "ClockName": "ap_clk",
    "ClockPeriod": "10",
    "IsCombLogic": "0",
    "II": "x",
    "Latency": "1",
    "Uncertainty": "1.25"
  },
  "Xdc": {"OocClocks": ["create_clock -name ap_clk -period 10.000 [get_ports ap_clk]"]},
  "Ipx": {
    "Vendor": "xilinx.com",
    "Library": "hls",
    "Name": "logd",
    "Version": "1.0",
    "DisplayName": "Logd",
    "Revision": "",
    "Description": "An IP generated by Vivado HLS",
    "Taxonomy": "\/VIVADO_HLS_IP",
    "AutoFamilySupport": ""
  },
  "Files": {
    "CSource": ["..\/..\/hotbm_logd.c"],
    "Vhdl": [
      "impl\/vhdl\/logd_mac_muladd_4ncg.vhd",
      "impl\/vhdl\/logd_mul_mul_9ns_ocq.vhd",
      "impl\/vhdl\/range_red.vhd",
      "impl\/vhdl\/range_red_invtable0.vhd",
      "impl\/vhdl\/range_red_logtablbkb.vhd",
      "impl\/vhdl\/range_red_logtablcud.vhd",
      "impl\/vhdl\/range_red_logtabldEe.vhd",
      "impl\/vhdl\/range_red_logtable6.vhd",
      "impl\/vhdl\/range_red_logtable7.vhd",
      "impl\/vhdl\/range_red_logtable8.vhd",
      "impl\/vhdl\/range_red_logtableOg.vhd",
      "impl\/vhdl\/range_red_logtablfYi.vhd",
      "impl\/vhdl\/range_red_logtablg8j.vhd",
      "impl\/vhdl\/range_red_logtablhbi.vhd",
      "impl\/vhdl\/range_red_logtablibs.vhd",
      "impl\/vhdl\/range_red_logtabljbC.vhd",
      "impl\/vhdl\/range_red_logtablkbM.vhd",
      "impl\/vhdl\/range_red_logtabllbW.vhd",
      "impl\/vhdl\/range_red_logtablmb6.vhd",
      "impl\/vhdl\/logd.vhd"
    ],
    "Verilog": [
      "impl\/verilog\/logd_mac_muladd_4ncg.v",
      "impl\/verilog\/logd_mul_mul_9ns_ocq.v",
      "impl\/verilog\/range_red.v",
      "impl\/verilog\/range_red_invtable0.v",
      "impl\/verilog\/range_red_invtable0_rom.dat",
      "impl\/verilog\/range_red_logtablbkb.v",
      "impl\/verilog\/range_red_logtablbkb_rom.dat",
      "impl\/verilog\/range_red_logtablcud.v",
      "impl\/verilog\/range_red_logtablcud_rom.dat",
      "impl\/verilog\/range_red_logtabldEe.v",
      "impl\/verilog\/range_red_logtabldEe_rom.dat",
      "impl\/verilog\/range_red_logtable6.v",
      "impl\/verilog\/range_red_logtable6_rom.dat",
      "impl\/verilog\/range_red_logtable7.v",
      "impl\/verilog\/range_red_logtable7_rom.dat",
      "impl\/verilog\/range_red_logtable8.v",
      "impl\/verilog\/range_red_logtable8_rom.dat",
      "impl\/verilog\/range_red_logtableOg.v",
      "impl\/verilog\/range_red_logtableOg_rom.dat",
      "impl\/verilog\/range_red_logtablfYi.v",
      "impl\/verilog\/range_red_logtablfYi_rom.dat",
      "impl\/verilog\/range_red_logtablg8j.v",
      "impl\/verilog\/range_red_logtablg8j_rom.dat",
      "impl\/verilog\/range_red_logtablhbi.v",
      "impl\/verilog\/range_red_logtablhbi_rom.dat",
      "impl\/verilog\/range_red_logtablibs.v",
      "impl\/verilog\/range_red_logtablibs_rom.dat",
      "impl\/verilog\/range_red_logtabljbC.v",
      "impl\/verilog\/range_red_logtabljbC_rom.dat",
      "impl\/verilog\/range_red_logtablkbM.v",
      "impl\/verilog\/range_red_logtablkbM_rom.dat",
      "impl\/verilog\/range_red_logtabllbW.v",
      "impl\/verilog\/range_red_logtabllbW_rom.dat",
      "impl\/verilog\/range_red_logtablmb6.v",
      "impl\/verilog\/range_red_logtablmb6_rom.dat",
      "impl\/verilog\/logd.v"
    ],
    "Misc": ["impl\/misc\/logo.png"],
    "DesignXml": "C:\/Users\/caner\/Desktop\/hotbm_log\/hotbm_log\/solution1\/.autopilot\/db\/logd.design.xml"
  },
  "SubcoreInfo": {
    "HasXpmMemory": false,
    "HasClockedDsp": false,
    "IP": []
  },
  "Interfaces": {
    "ap_clk": {
      "type": "clock",
      "ctype": {"CLK": {"Type": "bool"}},
      "reset": "ap_rst"
    },
    "ap_ctrl": {
      "type": "ap_ctrl",
      "ctrl_ports": "ap_start ap_done ap_idle ap_ready",
      "ctype": {
        "start": {"Type": "bool"},
        "done": {"Type": "bool"},
        "idle": {"Type": "bool"},
        "ready": {"Type": "bool"}
      }
    },
    "ap_return": {
      "type": "data",
      "dir": "out",
      "width": "64",
      "ctype": {"DATA": {
          "Type": "real float",
          "Width": "64"
        }}
    },
    "ap_rst": {
      "type": "reset",
      "polarity": "ACTIVE_HIGH",
      "ctype": {"RST": {"Type": "bool"}}
    },
    "x": {
      "type": "data",
      "dir": "in",
      "width": "64",
      "ctype": {"DATA": {
          "Type": "real float",
          "Width": "64"
        }}
    }
  },
  "RtlPorts": {
    "ap_clk": {
      "dir": "in",
      "width": "1"
    },
    "ap_rst": {
      "dir": "in",
      "width": "1"
    },
    "ap_start": {
      "dir": "in",
      "width": "1"
    },
    "ap_done": {
      "dir": "out",
      "width": "1"
    },
    "ap_idle": {
      "dir": "out",
      "width": "1"
    },
    "ap_ready": {
      "dir": "out",
      "width": "1"
    },
    "ap_return": {
      "dir": "out",
      "width": "64"
    },
    "x": {
      "dir": "in",
      "width": "64"
    }
  },
  "CPorts": {
    "ap_ctrl": {
      "interfaceRef": "ap_ctrl",
      "dir": "out"
    },
    "ap_return": {
      "interfaceRef": "ap_return",
      "dir": "out",
      "dataWidth": "64"
    },
    "x": {
      "interfaceRef": "x",
      "dir": "in",
      "dataWidth": "64",
      "handshakeRef": "ap_none"
    }
  },
  "ModuleInfo": {
    "Hierarchy": {
      "ModuleName": "logd",
      "Instances": [{
          "ModuleName": "range_red",
          "InstanceName": "grp_range_red_fu_446"
        }]
    },
    "Metrics": {
      "range_red": {
        "Latency": {
          "LatencyBest": "18",
          "LatencyAvg": "18",
          "LatencyWorst": "18",
          "PipelineII": "18",
          "PipelineDepth": "",
          "PipelineType": "none"
        },
        "Timing": {
          "Target": "10.00",
          "Uncertainty": "1.25",
          "Estimate": "8.533"
        },
        "Area": {
          "BRAM_18K": "4",
          "DSP48E": "4",
          "FF": "2508",
          "LUT": "4983"
        }
      },
      "logd": {
        "Latency": {
          "LatencyBest": "1",
          "LatencyAvg": "4",
          "LatencyWorst": "25",
          "PipelineIIMin": "2",
          "PipelineIIMax": "26",
          "PipelineII": "2 ~ 26",
          "PipelineDepth": "",
          "PipelineType": "none"
        },
        "Timing": {
          "Target": "10.00",
          "Uncertainty": "1.25",
          "Estimate": "8.573"
        },
        "Area": {
          "BRAM_18K": "4",
          "DSP48E": "11",
          "FF": "3787",
          "LUT": "9625"
        }
      }
    }
  },
  "Sdx": {
    "Target": "none",
    "ProfileOption": "0",
    "ProfileType": "none",
    "XO": "",
    "KernelName": "logd",
    "EnableXoSwEmu": "1"
  },
  "GenData": {
    "DataVersion": "0.1",
    "Time": "2019-05-30 06:13:52 +0200",
    "ToolName": "vivado_hls",
    "ToolVersion": "2018.3"
  }
}
